{"cameraMode":{"drawMode":0,"name":"Shaded","section":"Shading Mode"},"sceneLighting":true,"audioPlay":false,"sceneViewState":{"showFog":true,"showMaterialUpdate":false,"showSkybox":true,"showFlares":true,"showImageEffects":true,"showParticleSystems":true},"in2DMode":false,"pivot":{"x":-0.15156209468841554,"y":0.9937666058540344,"z":5.149370193481445},"rotation":{"x":-0.19956901669502259,"y":0.6945292949676514,"z":-0.21052013337612153,"w":-0.6583980321884155},"size":0.8568989634513855,"orthographic":false}