{"cameraMode":{"drawMode":0,"name":"Shaded","section":"Shading Mode"},"sceneLighting":true,"audioPlay":false,"sceneViewState":{"showFog":true,"showMaterialUpdate":false,"showSkybox":true,"showFlares":true,"showImageEffects":true,"showParticleSystems":true},"in2DMode":false,"pivot":{"x":-0.024490833282470704,"y":0.990598201751709,"z":-0.20000004768371583},"rotation":{"x":0.3650740385055542,"y":0.6315128803253174,"z":-0.5231518745422363,"w":0.44073623418807986},"size":3.0538618564605715,"orthographic":false}